"id","type","price","created","state","owner","deadline"
"40288b9f388f08ca01388f0d0d4e0004","YEAR",0.01,"2012-07-16 17:09:53",0,"40288b9f388f08ca01388f0b14c50001","2013-07-16 17:09:53"
"40288b9f388eed6c01388eeda5000003","MONTH",0.01,"2012-07-16 16:35:35",0,"40288b9f388eed6c01388eeda4a10001","2012-07-16 16:35:35"
"40288b9f388f08ca01388f1cd6630007","YEAR",0.01,"2012-07-16 17:27:08",1,"40288b9f388f08ca01388f0b14c50001","2014-07-16 17:09:53"
"40288b9f388f08ca01388f0b14cd0003","YEAR",0.01,"2012-07-16 17:07:44",1,"40288b9f388f08ca01388f0b14c50001","2013-07-16 17:07:44"
"40288b9f388eed6c01388ef38de70004","YEAR",0.01,"2012-07-16 16:42:02",0,"40288b9f388eed6c01388eeda4a10001","2012-07-16 16:42:02"
"40288b9f388f08ca01388f208298000b","YEAR",0.01,"2012-07-16 17:31:08",0,"40288b9f388f08ca01388f2082970009","2013-07-16 17:31:08"
"40288b9f388f08ca01388f23306a000c","YEAR",0.01,"2012-07-16 17:34:04",0,"40288b9f388f08ca01388f2082970009","2014-07-16 17:31:08"
"40288b9f388f429a01388f43ea6c0004","YEAR",0.01,"2012-07-27 10:09:49",0,"40288b9f388f429a01388f43ea6b0002","2013-07-26 10:09:49"
"40288b9f388f429a01388f475f240007","YEAR",0.01,"2012-07-16 18:13:35",0,"40288b9f388f429a01388f475f240005","2013-07-16 18:13:35"
"40288bcc3892ae48013892b02b8f0001","YEAR",0.01,"2012-07-31 18:06:53",0,"40288b9f3873d1a4013873d575320008","2013-07-31 18:06:53"
"40288b9f3892de2901389419cfa80004","YEAR",0.01,"2012-07-20 11:41:55",0,"40288b9f3892de2901389419cf970002","2013-07-19 11:41:55"
"40288b9f3892de29013898eb7ae10007","MONTH",0.01,"2012-07-18 15:09:25",0,"40288b9f3892de29013898eb7adf0005","2012-08-17 15:09:25"
"40288b9f3898f311013898f56c940003","MONTH",0.01,"2012-07-24 15:20:17",0,"40288b9f3898f311013898f56c1e0001","2013-07-23 15:20:17"
"40288b9f389907fb0138996c7f2d0004","YEAR",399,"2012-07-18 17:30:20",0,"40288b9f389907fb0138996c7f2d0002","2013-07-18 17:30:20"
"40288b9f389907fb01389a1851d20011","DAY",9,"2012-07-18 20:38:01",1,"40288b9f389907fb01389a1851d1000f","2012-07-19 20:38:01"
"40288b9f389d2d9f01389d4bd4010003","MONTH",49,"2012-07-19 11:33:08",1,"40288b9f389d2d9f01389d4bd39f0001","2012-08-18 11:33:08"
"40288b9f389d5b5501389f8eb6760003","MONTH",49,"2012-07-19 22:05:26",1,"40288b9f389d5b5501389f8eb61d0001","2012-08-18 22:05:26"
"40288b9f389d5b5501389f91e54a0006","MONTH",49,"2012-07-19 22:08:55",0,"40288b9f389d5b5501389f91e54a0004","2012-08-18 22:08:55"
"40288b9f389d5b550138a33d09f50008","DAY",9,"2012-07-20 15:14:42",1,"40288b9f389907fb0138996c7f2d0002","2013-07-19 17:30:20"
"40288b9f389d5b550138a3625048000b","YEAR",399,"2012-07-20 15:55:25",0,"40288b9f389d5b550138a36250480009","2013-07-20 15:55:25"
"40288b9f38b2515b0138d7aad8ed0004","YEAR",399,"2012-07-30 19:34:54",1,"40288b9f38b2515b0138d7aad8ed0002","2013-07-30 19:34:54"
"40288b9f38dafa630138db9146670003","YEAR",399,"2012-07-31 13:45:27",1,"40288b9f38dafa630138db9146010001","2013-07-31 13:45:27"
"40288b9f3946e7ec0139f700186a0002","MONTH",49,"2012-09-24 14:39:02",0,"40288b9f389d5b5501389f91e54a0004","2012-10-24 14:39:02"
"40288b9f3a34d073013aefdf31110003","YEAR",399,"2012-11-11 22:28:32",0,"40288b9f3a34d073013aefdf30870001","2013-11-11 22:28:32"
"40288b9f3a34d073013b3c24076b0004","MONTH",49,"2012-11-26 17:54:52",0,"40288b9f389d5b5501389f91e54a0004","2012-12-26 17:54:52"
"40288b9f3a34d073013aefdf30871231","YEAR",399,"2012-11-28 14:28:32",0,"40288b9f3a34d073013aefdf30871231","2013-11-28 22:28:32"
"40288b9f3a34d073013bcc1a02c30007","YEAR",399,"2012-12-24 16:49:14",1,"40288b9f3a34d073013bcc1a02c30005","2013-12-24 16:49:14"
"40288b9f3a34d073013bcc1e8a57000a","YEAR",399,"2012-12-24 16:54:11",0,"40288b9f3a34d073013bcc1e8a570008","2013-12-24 16:54:11"
"40288b9f3a34d073013bd01a185f000d","YEAR",399,"2012-12-25 11:27:49",1,"40288b9f3a34d073013bd01a185f000b","2013-12-25 11:27:49"
"40288bcc3c22845e013c22892e130004","MONTH",0.01,"2013-01-10 11:38:01",1,"40288bcc3c22845e013c22892e040002","2013-02-09 11:38:01"
"40288bcc3c22a9c9013c22aa91b80003","MONTH",-9.99,"2013-01-10 12:14:29",1,"40288bcc3c22a9c9013c22aa91420001","2013-02-09 12:14:29"
"40288bcc3c22a9c9013c22abd0ff0006","MONTH",-9.99,"2013-01-10 12:15:51",1,"40288bcc3c22a9c9013c22abd0ff0004","2013-02-09 12:15:51"
"40288bcc3c22af0b013c22afbc6c0003","MONTH",39,"2013-01-10 12:20:07",1,"40288bcc3c22af0b013c22afbc210001","2013-02-09 12:20:07"
"40288bcc3c22af0b013c22afee210006","YEAR",389,"2013-01-10 12:20:20",1,"40288bcc3c22af0b013c22afee210004","2014-01-10 12:20:20"
"40288bcc3c22b066013c22b08d8d0003","YEAR",398.9,"2013-01-10 12:21:01",1,"40288bcc3c22b066013c22b08d430001","2014-01-10 12:21:01"
"40288bcc3c22dab1013c22dba9680003","YEAR",39.9,"2013-01-10 13:08:06",1,"40288bcc3c22dab1013c22dba90e0001","2014-01-10 13:08:06"
"40288bcc3c22dc83013c22dcae5d0003","YEAR",39,"2013-01-10 13:09:13",1,"40288bcc3c22dc83013c22dcae120001","2014-01-10 13:09:13"
"40288bcc3c22e862013c22e880d50003","YEAR",39,"2013-01-10 13:22:08",1,"40288bcc3c22e862013c22e8808f0001","2014-01-10 13:22:08"
"40288bcc3c22e862013c22e8b6b40006","YEAR",39,"2013-01-10 13:22:22",1,"40288bcc3c22e862013c22e8b6b40004","2014-01-10 13:22:22"
"40288bcc3c22e93a013c22e963400003","YEAR",39,"2013-01-10 13:23:06",1,"40288bcc3c22e93a013c22e962f10001","2014-01-10 13:23:06"
"40288bcc3c22e93a013c22ea24920006","YEAR",39,"2013-01-10 13:23:55",1,"40288bcc3c22e93a013c22ea24910004","2014-01-10 13:23:55"
"40288bcc3c22e93a013c22ea46290009","YEAR",39,"2013-01-10 13:24:04",1,"40288bcc3c22e93a013c22ea46280007","2014-01-10 13:24:04"
"40288bcc3c22ea92013c22eac5090003","YEAR",39,"2013-01-10 13:24:36",1,"40288bcc3c22ea92013c22eac4aa0001","2014-01-10 13:24:36"
"40288bcc3c22ec52013c22ecec770003","MONTH",39,"2013-01-10 13:26:57",1,"40288bcc3c22ec52013c22ecec2f0001","2013-02-09 13:26:57"
"40288bcc3c22ec52013c22ed96de0006","MONTH",39,"2013-01-10 13:27:41",1,"40288bcc3c22ec52013c22ed96de0004","2013-02-09 13:27:41"
"40288bcc3c22f0a5013c22f15a280003","YEAR",389,"2013-01-10 13:31:48",1,"40288bcc3c22f0a5013c22f159df0001","2014-01-10 13:31:48"
"40288bcc3c22f31b013c22f3a3bb0003","YEAR",389,"2013-01-10 13:34:17",1,"40288bcc3c22f31b013c22f3a3740001","2014-01-10 13:34:17"
"40288bcc3c22f31b013c22f445c10006","YEAR",389,"2013-01-10 13:34:59",1,"40288bcc3c22f31b013c22f445c10004","2014-01-10 13:34:59"
"40288bcc3c23183f013c2318807a0003","MONTH",24,"2013-01-10 14:14:33",1,"40288bcc3c23183f013c231880360001","2013-02-09 14:14:33"
"40288b9f3c4b780f013c4b84e6a40005","MONTH",49,"2013-01-18 10:37:46",1,"40288b9f3c4b780f013c4b84e6930003","2013-02-17 10:37:46"
"40288b9f3c4b780f013c4c907b0b0009","DAY",9,"2013-01-18 15:30:02",1,"40288b9f3c4b780f013c4c907b0b0007","2013-01-19 15:30:02"
"40288b9f3c4c9165013c4c92b2880003","DAY",9,"2013-01-18 15:32:27",1,"40288b9f3c4c9165013c4c92b2270001","2013-01-19 15:32:27"
"40288b9f3c4c9c48013c4c9f6cee0003","DAY",9,"2013-01-18 15:46:21",1,"40288b9f3c4c9c48013c4c9f6c9b0001","2013-01-19 15:46:21"
"40288b9f3c4c9c48013c4ca661180006","DAY",9,"2013-01-18 15:53:57",1,"40288b9f3c4c9c48013c4ca661170004","2013-01-19 15:53:57"
"40288bfe3c4cadc1013c4cae7ff20005","MONTH",2,"2013-01-18 16:02:49",1,"40288bfe3c4cadc1013c4cae7f7c0003","2013-02-17 16:02:49"
"40288bfe3c4cb74e013c4cb8985a0005","YEAR",3,"2013-01-18 16:13:51",1,"40288bfe3c4cb74e013c4cb898190003","2014-01-18 16:13:51"
"40288bfe3c4cb9d8013c4cba46e50005","MONTH",2,"2013-01-18 16:15:41",1,"40288bfe3c4cb9d8013c4cba46a10003","2013-02-17 16:15:41"
"40288bfe3c4cbb0e013c4cbb6cac0005","MONTH",2,"2013-01-18 16:16:46",1,"40288bfe3c4cbb0e013c4cbb43690003","2013-02-17 16:16:56"
"40288b9f3c4cc34f013c4cc3c1ce0005","DAY",1,"2013-01-18 16:26:03",1,"40288b9f3c4cc34f013c4cc3c17e0003","2013-01-19 16:26:03"
"40288b9f3c4cc34f013c4cc50451000a","MONTH",7,"2013-01-18 16:27:25",1,"40288b9f3c4cc34f013c4cc5044f0008","2013-02-17 16:27:25"
"40288b9f3c4cc34f013c4cc5e2b9000f","DAY",1,"2013-01-18 16:28:22",1,"40288b9f3c4cc34f013c4cc5e2b8000d","2013-01-19 16:28:22"
"40288bfe3c4cca23013c4cca8a550005","MONTH",2,"2013-01-18 16:33:27",1,"40288bfe3c4cca23013c4cca8a000003","2013-02-17 16:33:27"
"40288b9f3c4cc34f013c4ccacbbc0014","DAY",1,"2013-01-18 16:33:44",1,"40288b9f3c4cc34f013c4ccacbbc0012","2013-01-19 16:33:44"
"40288bfe3c4ccb0f013c4ccb46130005","MONTH",2.99,"2013-01-18 16:34:15",1,"40288bfe3c4ccb0f013c4ccb45ce0003","2013-02-17 16:34:15"
"40288bfe3c4ccd68013c4ccde6870005","MONTH",2.99,"2013-01-18 16:37:07",1,"40288bfe3c4ccd68013c4ccde62c0003","2013-02-17 16:37:07"
"40288bfe3c4ccd68013c4cce525a000a","DAY",1.99,"2013-01-18 16:37:35",1,"40288bfe3c4ccd68013c4cce52590008","2013-01-19 16:37:35"
"40288b9f3c4cc34f013c4cce60a00019","DAY",1,"2013-01-18 16:37:39",1,"40288b9f3c4cc34f013c4cce609f0017","2013-01-19 16:37:39"
"40288bfe3c4cd024013c4cd09f380005","DAY",1.99,"2013-01-18 16:40:06",1,"40288bfe3c4cd024013c4cd09ef00003","2013-01-19 16:40:06"
"40288bfe3c4cd391013c4cd415c50005","MONTH",2.99,"2013-01-18 16:43:53",1,"40288bfe3c4cd391013c4cd415780003","2013-02-17 16:43:53"
"40288bfe3c4cd52f013c4cd55b080005","MONTH",2.99,"2013-01-18 16:45:16",1,"40288bfe3c4cd52f013c4cd55ac70003","2013-02-17 16:45:16"
"40288bfe3c4cd52f013c4cd588a8000a","MONTH",2.99,"2013-01-18 16:45:28",1,"40288bfe3c4cd52f013c4cd588a60008","2013-02-17 16:45:28"
"40288bfe3c4cd664013c4cd67ec50005","MONTH",2.99,"2013-01-18 16:46:31",1,"40288bfe3c4cd664013c4cd67e7d0003","2013-02-17 16:46:31"
"40288bfe3c4cd8d6013c4cd90f8d0005","MONTH",2.99,"2013-01-18 16:49:19",1,"40288bfe3c4cd8d6013c4cd90f410003","2013-02-17 16:49:19"
"40288bfe3c4cdb15013c4cdb63100005","MONTH",2.99,"2013-01-18 16:51:51",1,"40288bfe3c4cdb15013c4cdb62c20003","2013-02-17 16:51:51"
"40288bfe3c4cdbb7013c4cdbd8450005","MONTH",2.99,"2013-01-18 16:52:21",1,"40288bfe3c4cdbb7013c4cdbd7e90003","2013-02-17 16:52:21"
"40288bfe3c4cdbb7013c4cdc2aff000a","MONTH",2.99,"2013-01-18 16:52:42",1,"40288bfe3c4cdbb7013c4cdc2aff0008","2013-02-17 16:52:42"
"40288bfe3c4cdcdb013c4cdcf24c0005","MONTH",2.99,"2013-01-18 16:53:33",1,"40288bfe3c4cdcdb013c4cdcf1f90003","2013-02-17 16:53:33"
"40288bfe3c4cdd7f013c4cdd8a800005","MONTH",2.99,"2013-01-18 16:54:12",1,"40288bfe3c4cdd7f013c4cdd8a410003","2013-02-17 16:54:12"
"40288bfe3c4cdd7f013c4cdf9cb2000a","MONTH",2.99,"2013-01-18 16:56:28",1,"40288bfe3c4cdd7f013c4cdf9cb20008","2013-02-17 16:56:28"
"40288b9f3c4cc34f013c4ce178f8001e","DAY",1,"2013-01-18 16:58:30",1,"40288b9f3c4cc34f013c4ce178f8001c","2013-01-19 16:58:30"
"40288bfe3c4ce229013c4ce25b2a0005","MONTH",2.99,"2013-01-18 16:59:28",1,"40288bfe3c4ce229013c4ce25ae20003","2013-02-17 16:59:28"
"40288bfe3c4ce395013c4ce3a2b30005","MONTH",2.99,"2013-01-18 17:00:52",1,"40288bfe3c4ce395013c4ce3a26c0003","2013-02-17 17:00:52"
"40288bfe3c4ce55f013c4ce56ea00005","MONTH",2.99,"2013-01-18 17:02:49",1,"40288bfe3c4ce55f013c4ce56e5f0003","2013-02-17 17:02:49"
"40288bfe3c4ce55f013c4ce587cf000a","MONTH",2.99,"2013-01-18 17:02:56",1,"40288bfe3c4ce55f013c4ce587cf0008","2013-02-17 17:02:56"
"40288b9f3c4cc34f013c4ce88f300023","DAY",1,"2013-01-18 17:06:14",1,"40288b9f3c4cc34f013c4ce88f300021","2013-01-19 17:06:14"
"40288bfe3c4cebec013c4cec24190005","MONTH",2.99,"2013-01-18 17:10:09",1,"40288bfe3c4cebec013c4cec23d90003","2013-02-17 17:10:09"
"40288b9f3c4cc34f013c4cec34810028","DAY",1,"2013-01-18 17:10:13",1,"40288b9f3c4cc34f013c4cec34800026","2013-01-19 17:10:13"
"40288bfe3c4cec8c013c4cecc1400005","MONTH",2.99,"2013-01-18 17:10:49",1,"40288bfe3c4cec8c013c4cecc0e60003","2013-02-17 17:10:49"
"40288bfe3c4cedba013c4cede1d80005","MONTH",2.99,"2013-01-18 17:12:03",1,"40288bfe3c4cedba013c4cede1860003","2013-02-17 17:12:03"
"40288bfe3c4ceecc013c4ceef75c0005","MONTH",2.99,"2013-01-18 17:13:14",1,"40288bfe3c4ceecc013c4ceef71f0003","2013-02-17 17:13:14"
"40288bfe3c4cef86013c4cef9c1b0005","MONTH",2.99,"2013-01-18 17:13:56",1,"40288bfe3c4cef86013c4cef9bd60003","2013-02-17 17:13:56"
"40288b9f3c4cc34f013c4cefa02f002d","DAY",1,"2013-01-18 17:13:58",1,"40288b9f3c4cc34f013c4cefa02f002b","2013-01-19 17:13:58"
"40288bfe3c4cfd46013c4cfd6c940005","MONTH",2.99,"2013-01-18 17:29:02",1,"40288bfe3c4cfd46013c4cfd6c510003","2013-02-17 17:29:02"
"40288bfe3c4cfd46013c4cfdd1d7000a","MONTH",2.99,"2013-01-18 17:29:28",1,"40288bfe3c4cfd46013c4cfdd1d50008","2013-02-17 17:29:28"
"40288bfe3c4cfe78013c4cfe9e280005","MONTH",2.99,"2013-01-18 17:30:20",1,"40288bfe3c4cfe78013c4cfe9dea0003","2013-02-17 17:30:20"
"40288bfe3c4d06e3013c4d06f7d70005","MONTH",2.99,"2013-01-18 17:39:27",1,"40288bfe3c4d06e3013c4d06f7940003","2013-02-17 17:39:27"
"40288bfe3c4d06e3013c4d087c0e000a","MONTH",2.99,"2013-01-18 17:41:07",1,"40288bfe3c4d06e3013c4d087c0e0008","2013-02-17 17:41:07"
"40288bfe3c4d0d12013c4d0d74680005","YEAR",3,"2013-01-18 17:46:32",1,"40288bfe3c4d0d12013c4d0d74260003","2014-01-18 17:46:32"
"40288bfe3c4d101c013c4d1065620005","MONTH",2.99,"2013-01-18 17:49:45",1,"40288bfe3c4d101c013c4d1065260003","2013-02-17 17:49:45"
"40288bfe3c4d1129013c4d1147f90005","MONTH",2.99,"2013-01-18 17:50:43",1,"40288bfe3c4d1129013c4d1147b00003","2013-02-17 17:50:43"
"40288bfe3c4d1129013c4d12c7a1000a","MONTH",2.99,"2013-01-18 17:52:21",1,"40288bfe3c4d1129013c4d12c7a10008","2013-02-17 17:52:21"
"40288bfe3c4d1334013c4d1396390005","MONTH",2.99,"2013-01-18 17:53:14",1,"40288bfe3c4d1334013c4d1395f20003","2013-02-17 17:53:14"
"40288bfe3c4d1488013c4d14a39e0005","MONTH",2.99,"2013-01-18 17:54:23",1,"40288bfe3c4d1488013c4d14a3560003","2013-02-17 17:54:23"
"40288bfe3c4d1488013c4d15015b000a","MONTH",2.99,"2013-01-18 17:54:47",1,"40288bfe3c4d1488013c4d15015a0008","2013-02-17 17:54:47"
"40288bfe3c4d1761013c4d17749a0005","MONTH",2.99,"2013-01-18 17:57:28",1,"40288bfe3c4d1761013c4d1774450003","2013-02-17 17:57:28"
"40288bfe3c4d1aa2013c4d1b1c210005","MONTH",2.99,"2013-01-18 18:01:27",1,"40288bfe3c4d1aa2013c4d1b1bd20003","2013-02-17 18:01:27"
"40288b9f3c4d1efa013c4d1f7cca0005","DAY",1.99,"2013-01-18 18:06:14",1,"40288b9f3c4d1efa013c4d1f7c7a0003","2013-01-19 18:06:14"
"40288b9f3c4d2ce0013c4d2d3dfe0005","YEAR",69.99,"2013-01-18 18:21:16",1,"40288b9f3c4d2ce0013c4d2d3dad0003","2014-01-18 18:21:16"
"40288b9f3c4d2ce0013c4d318909000a","YEAR",69.99,"2013-01-18 18:25:57",1,"40288b9f3c4d2ce0013c4d3189070008","2014-01-18 18:25:57"
"40288b9f3c4e0e7c013c4e3989f20005","YEAR",399,"2013-01-18 23:14:19",1,"40288b9f3c4e0e7c013c4e3989f10003","2014-01-18 23:14:19"
"40288b9f3c4e0e7c013c4e3f9c3e000a","MONTH",24.5,"2013-01-18 23:20:57",1,"40288b9f3c4e0e7c013c4e3f9c3d0008","2013-02-17 23:20:57"
"40288b9f3c6610b9013c670b855e0005","YEAR",69.99,"2013-01-23 18:54:33",1,"40288b9f3c6610b9013c670b85100003","2014-01-23 18:54:33"
"40288b9f3c6610b9013c7a851f3c000a","YEAR",69.99,"2013-01-27 13:40:10",1,"40288b9f3c6610b9013c7a851f3a0008","2014-01-27 13:40:10"
"40288bfe3c7ee2e8013c7ee49b100005","YEAR",-7,"2013-01-28 10:02:56",1,"40288bfe3c7ee2e8013c7ee49aa40003","2014-01-28 10:02:56"
"40288b9f3c6610b9013c7ee5822b000f","YEAR",69.99,"2013-01-28 10:03:55",1,"40288b9f3c6610b9013c7ee5822a000d","2014-01-28 10:03:55"
"40288bfe3c7ee73a013c7ee7da1f0005","YEAR",-7,"2013-01-28 10:06:29",1,"40288bfe3c7ee73a013c7ee7d9bc0003","2014-01-28 10:06:29"
"40288bfe3c7ee73a013c7ee966c4000a","YEAR",399,"2013-01-28 10:08:10",1,"40288bfe3c7ee73a013c7ee966c30008","2014-01-28 10:08:10"
"40288bfe3c7ef456013c7ef4f9a90005","MONTH",49,"2013-01-28 10:20:49",1,"40288bfe3c7ef456013c7ef4f9560003","2013-02-27 10:20:49"
"40288bfe3c7ef456013c7ef50e72000a","MONTH",49,"2013-01-28 10:20:54",1,"40288bfe3c7ef456013c7ef50e710008","2013-02-27 10:20:54"
"40288bfe3c7ef676013c7ef6a5860001","MONTH",49,"2013-01-28 10:22:38",1,"40288bfe3c7ef456013c7ef50e710008","2013-02-27 10:22:38"
"40288bfe3c7ef676013c7ef6ca020002","YEAR",399,"2013-01-28 10:22:48",1,"40288bfe3c7ef456013c7ef50e710008","2014-01-28 10:22:48"
"40288bfe3c7ef676013c7ef6e6e00003","YEAR",399,"2013-01-28 10:22:55",1,"40288bfe3c7ef456013c7ef50e710008","2014-01-28 10:22:55"
"40288bfe3c7efb83013c7efb8e8b0001","YEAR",399,"2013-01-28 10:28:00",1,"40288b9f389907fb0138996c7f2d0002","2014-07-18 17:30:20"
"40288b9f3c895b03013c895f9b930003","YEAR",399,"2013-01-30 10:53:29",1,"40288b9f3c895b03013c895f9b140001","2014-01-30 10:53:29"
"40288b9f3c895b03013c896162bf0004","DAY",9,"2013-01-30 10:55:26",0,"40288b9f3c895b03013c895f9b140001","2013-01-31 10:55:26"
"40288b9f3c895b03013c8962af3a0005","DAY",1.99,"2013-01-30 10:56:51",1,"40288b9f3c895b03013c895f9b140001","2013-02-01 10:55:26"
"40288b9f3c895b03013c8962d5590006","DAY",1.99,"2013-01-30 10:57:01",1,"40288b9f3c895b03013c895f9b140001","2013-02-01 10:55:26"
"40288b9f3c895b03013c8965d2e30007","DAY",1.99,"2013-01-30 11:00:17",1,"40288b9f3c895b03013c895f9b140001","2013-02-01 10:55:26"
"40288b9f3c895b03013c89664f200008","DAY",1.99,"2013-01-30 11:00:49",1,"40288b9f3c895b03013c895f9b140001","2013-02-01 10:55:26"
"40288b9f3c895b03013c8967fc290009","DAY",1.99,"2013-01-30 11:02:38",1,"40288b9f3c895b03013c895f9b140001","2013-02-01 10:55:26"
"40288b9f3c895b03013c8968fe7e000a","DAY",1.99,"2013-01-30 11:03:45",1,"40288b9f3c895b03013c895f9b140001","2013-02-01 10:55:26"
"40288b9f3c895b03013c896998a4000b","DAY",1.99,"2013-01-30 11:04:24",1,"40288b9f3c895b03013c895f9b140001","2013-02-01 10:55:26"
"40288b9f3c895b03013c896d390f000c","DAY",1.99,"2013-01-30 11:08:22",1,"40288b9f3c895b03013c895f9b140001","2013-02-01 10:55:26"
"40288b9f3c895b03013c8974ba69000d","DAY",1.99,"2013-01-30 11:16:34",1,"40288b9f3c895b03013c895f9b140001","2013-02-01 10:55:26"
"40288b9f3c895b03013c8974c0b0000e","DAY",1.99,"2013-01-30 11:16:35",1,"40288bfe3c7ef456013c7ef50e710008","2013-01-31 11:16:35"
"40288b9f3c895b03013c8979fcfe000f","DAY",1.99,"2013-01-30 11:22:18",1,"40288b9f3c895b03013c895f9b140001","2013-02-01 10:55:26"
"40288b9f3c895b03013c897a18cd0010","DAY",1.99,"2013-01-30 11:22:25",1,"40288b9f3c895b03013c895f9b140001","2013-02-01 10:55:26"
"40288b9f3c895b03013c897a28120011","DAY",1.99,"2013-01-30 11:22:29",1,"40288b9f3c895b03013c895f9b140001","2013-02-01 10:55:26"
"40288b9f3c895b03013c897a6bb40012","DAY",1.99,"2013-01-30 11:22:47",1,"40288b9f3c895b03013c895f9b140001","2013-02-01 10:55:26"
"40288b9f3c895b03013c897a7ecd0013","DAY",1.99,"2013-01-30 11:22:51",1,"40288b9f3c895b03013c895f9b140001","2013-02-01 10:55:26"
"40288b9f3c895b03013c897c556e0014","DAY",1.99,"2013-01-30 11:24:52",1,"40288b9f3c895b03013c895f9b140001","2013-02-01 10:55:26"
"40288b9f3c895b03013c897e5a520015","DAY",1.99,"2013-01-30 11:27:04",1,"40288b9f3c895b03013c895f9b140001","2013-02-01 10:55:26"
"40288b9f3c895b03013c89805b770016","DAY",1.99,"2013-01-30 11:29:16",1,"40288b9f3c895b03013c895f9b140001","2013-02-01 10:55:26"
"40288b9f3c89a189013c89a1b7100001","DAY",1.99,"2013-01-30 12:05:42",1,"40288b9f3c895b03013c895f9b140001","2013-02-01 10:55:26"
"40288b9f3c89a189013c89a1cc700002","DAY",1.99,"2013-01-30 12:05:47",1,"40288b9f3c895b03013c895f9b140001","2013-02-01 10:55:26"
"40288b9f3c89a189013c89a1e9070003","DAY",1.99,"2013-01-30 12:05:55",1,"40288b9f3c895b03013c895f9b140001","2013-02-01 10:55:26"
"40288b9f3c89a189013c89a21aa40004","DAY",1.99,"2013-01-30 12:06:07",1,"40288b9f3c895b03013c895f9b140001","2013-02-01 10:55:26"
"40288b9f3c89a189013c89a54a400005","DAY",1.99,"2013-01-30 12:09:36",1,"40288b9f3c895b03013c895f9b140001","2013-02-01 10:55:26"
"40288bfe3c89a067013c89a6b8720001","DAY",1.99,"2013-01-30 12:11:10",1,"40288b9f3c895b03013c895f9b140001","2013-02-01 10:55:26"
"40288b9f3c89ab82013c89bfddb90001","DAY",1.99,"2013-01-30 12:38:38",1,"40288b9f3c895b03013c895f9b140001","2013-02-01 10:55:26"
"40288bfe3c89b1ba013c89c05c390001","YEAR",3,"2013-01-30 12:39:10",1,"40288b9f3c895b03013c895f9b140001","2014-01-31 10:55:26"
"40288bfe3c89b1ba013c89c0b45d0002","DAY",1.99,"2013-01-30 12:39:33",1,"40288b9f3c895b03013c895f9b140001","2013-02-01 10:55:26"
"40288b9f3c89c89e013c89c8c4dd0001","DAY",1.99,"2013-01-30 12:48:21",1,"40288b9f3c895b03013c895f9b140001","2013-02-01 10:55:26"
"40288b9f3c89c89e013c89ca56a90002","DAY",1.99,"2013-01-30 12:50:04",1,"40288b9f3c895b03013c895f9b140001","2013-02-01 10:55:26"
"40288bfe3c8a0c07013c8a0c659f0003","YEAR",399,"2013-01-30 14:02:13",1,"40288bfe3c8a0c07013c8a0c65340001","2014-01-30 14:02:13"
"40288bfe3c8a0d89013c8a0dbd240001","YEAR",399,"2013-01-30 14:03:34",1,"40288bfe3c8a0c07013c8a0c65340001","2014-01-30 14:03:41"
"40288bfe3c8a0d89013c8a0e26cf0002","YEAR",399,"2013-01-30 14:04:08",1,"40288bfe3c8a0c07013c8a0c65340001","2014-01-30 14:04:08"
"40288b9f3c8a8566013c8a8a576d0001","DAY",1.99,"2013-01-30 16:19:47",1,"40288b9f3c895b03013c895f9b140001","2013-02-01 10:55:26"
"40288b9f3c8a8566013c8a8ad0420002","DAY",1.99,"2013-01-30 16:20:18",1,"40288b9f3c895b03013c895f9b140001","2013-02-01 10:55:26"
"40288b9f3c8a8566013c8a8c4e950003","DAY",1.99,"2013-01-30 16:21:56",1,"40288b9f3c895b03013c895f9b140001","2013-02-01 10:55:26"
"40288b9f3c8a8566013c8a8ca13e0004","DAY",1.99,"2013-01-30 16:22:17",1,"40288b9f3c895b03013c895f9b140001","2013-02-01 10:55:26"
"40288bfe3c8a1806013c8a8dabea0003","YEAR",3,"2013-01-30 16:23:25",1,"40288bfe3c8a1806013c8a8dab7f0001","2014-01-30 16:23:25"
"40288b9f3c8a8566013c8a8de7fb0005","DAY",1.99,"2013-01-30 16:23:41",1,"40288b9f3c895b03013c895f9b140001","2013-02-01 10:55:26"
"40288b9f3c8a8566013c8a8ec2d30006","DAY",1.99,"2013-01-30 16:24:37",1,"40288b9f3c895b03013c895f9b140001","2013-02-01 10:55:26"
"40288b9f3c8a8566013c8a944ccf0007","YEAR",399,"2013-01-30 16:30:40",1,"40288b9f3c895b03013c895f9b140001","2014-01-31 10:55:26"
"40288b9f3c8a8566013c8a94b2860008","DAY",9,"2013-01-30 16:31:06",0,"40288b9f3c895b03013c895f9b140001","2013-02-01 10:55:26"
"40288b9f3c8a8566013c8a94bede000b","DAY",1.99,"2013-01-30 16:31:09",1,"40288b9f3c8a8566013c8a94bed90009","2013-01-31 16:31:09"
"40288b9f3c8a8566013c8a961db5000c","DAY",1.99,"2013-01-30 16:32:39",1,"40288b9f3c8a8566013c8a94bed90009","2013-01-31 16:32:39"
"40288b9f3c8a8566013c8a9760ea000d","DAY",1.99,"2013-01-30 16:34:02",1,"40288b9f3c895b03013c895f9b140001","2013-02-02 10:55:26"
"40288b9f3c8a8566013c8a97e58c000e","DAY",1.99,"2013-01-30 16:34:36",1,"40288b9f3c8a8566013c8a94bed90009","2013-01-31 16:34:36"
"40288b9f3c8a8566013c8a9a43ac000f","DAY",1.99,"2013-01-30 16:37:11",1,"40288b9f3c895b03013c895f9b140001","2013-02-02 10:55:26"
"40288b9f3c8a8566013c8a9bdea80010","DAY",1.99,"2013-01-30 16:38:56",1,"40288b9f3c895b03013c895f9b140001","2013-02-02 10:55:26"
"40288b9f3c8a8566013c8a9c68830011","DAY",1.99,"2013-01-30 16:39:31",1,"40288b9f3c895b03013c895f9b140001","2013-02-02 10:55:26"
"40288b9f3c8a8566013c8a9d39990012","DAY",1.99,"2013-01-30 16:40:25",1,"40288b9f3c895b03013c895f9b140001","2013-02-02 10:55:26"
"40288b9f3c8a8566013c8a9e6b0d0013","DAY",1.99,"2013-01-30 16:41:43",1,"40288b9f3c895b03013c895f9b140001","2013-02-02 10:55:26"
"40288b9f3c8a8566013c8aa576810016","DAY",1.99,"2013-01-30 16:49:25",1,"40288b9f3c8a8566013c8aa5767c0014","2013-01-31 16:49:25"
"40288b9f3c8a8566013c8aa68b880017","DAY",1.99,"2013-01-30 16:50:36",1,"40288b9f3c895b03013c895f9b140001","2013-02-02 10:55:26"
"40288b9f3c8a8566013c8aa7c29d0018","DAY",1.99,"2013-01-30 16:51:55",1,"40288b9f3c895b03013c895f9b140001","2013-02-02 10:55:26"
"40288b9f3c8a8566013c8aa9daf40019","DAY",1.99,"2013-01-30 16:54:12",1,"40288b9f3c895b03013c895f9b140001","2013-02-02 10:55:26"
"40288b9f3c8a8566013c8aad9a02001a","DAY",1.99,"2013-01-30 16:58:18",1,"40288b9f3c895b03013c895f9b140001","2013-02-02 10:55:26"
"40288b9f3c8a8566013c8ab0c53d001b","DAY",1.99,"2013-01-30 17:01:46",1,"40288b9f389907fb0138996c7f2d0002","2013-07-19 17:30:20"
"40288b9f3c8a8566013c8ab674c6001c","YEAR",69.99,"2013-01-30 17:07:58",0,"40288b9f389907fb0138996c7f2d0002","2014-07-18 17:30:20"
"40288b9f3c8a8566013c8ab82de7001d","MONTH",7.99,"2013-01-30 17:09:51",1,"40288b9f389907fb0138996c7f2d0002","2014-08-17 17:30:20"
"40288b9f3c8a8566013c8abae01a001e","DAY",1.99,"2013-01-30 17:12:48",1,"40288b9f3c895b03013c895f9b140001","2013-02-02 10:55:26"
"40288b9f3c8a8566013c8e26d4250020","DAY",1.99,"2013-01-31 09:09:34",1,"40288b9f3c895b03013c895f9b140001","2013-02-02 10:55:26"
"40288b9f3c8a8566013c8e27ae0e0021","DAY",1.99,"2013-01-31 09:10:30",1,"40288b9f3c895b03013c895f9b140001","2013-02-02 10:55:26"
"40288b9f3c8a8566013c8e2bf8910022","MONTH",7.99,"2013-01-31 09:15:11",1,"40288b9f3c895b03013c895f9b140001","2013-03-03 10:55:26"
"40288b9f3c8a8566013c8e31fa8b0023","DAY",1.99,"2013-01-31 09:21:45",1,"40288b9f3c895b03013c895f9b140001","2013-02-02 10:55:26"
"40288b9f3c8a8566013c8e393a4a0024","DAY",1.99,"2013-01-31 09:29:40",1,"40288b9f3c895b03013c895f9b140001","2013-02-02 10:55:26"
"40288b9f3c8e3d12013c8e3d719c0003","YEAR",69.99,"2013-01-31 09:34:16",1,"40288b9f3c8e3d12013c8e3d712c0001","2014-01-31 09:34:16"
"40288b9f3c8e3d12013c8e3eef470004","DAY",1.99,"2013-01-31 09:35:54",1,"40288b9f3c8e3d12013c8e3d712c0001","2013-02-01 09:35:54"
"40288b9f3c8e3d12013c8e5ab0760005","DAY",1.99,"2013-01-31 10:06:13",1,"40288b9f3c895b03013c895f9b140001","2013-02-02 10:55:26"
"40288bfe3c8e5b0a013c8e5c134c0003","DAY",1.99,"2013-01-31 10:07:44",1,"40288bfe3c8e5b0a013c8e5c0db90001","2013-02-01 10:07:44"
"40288bfe3c8e5cb7013c8e5cefca0001","DAY",1.99,"2013-01-31 10:08:40",1,"40288bfe3c8e5b0a013c8e5c0db90001","2013-02-01 10:08:40"
"40288bfe3c8e5cb7013c8e5d9f360002","DAY",1.99,"2013-01-31 10:09:25",1,"40288b9f3c8a8566013c8aa5767c0014","2013-02-01 10:09:25"
"40288b9f3c8e3d12013c8e5e18720006","DAY",1.99,"2013-01-31 10:09:56",1,"40288b9f3c895b03013c895f9b140001","2013-02-02 10:55:26"
"40288b9f3c8e3d12013c8e6384190007","DAY",1.99,"2013-01-31 10:15:52",1,"40288b9f3c895b03013c895f9b140001","2013-02-02 10:55:26"
"40288b9f3c8e87f7013c8e885fd50001","DAY",9,"2013-01-31 10:56:07",0,"40288b9f3c895b03013c895f9b140001","2013-02-02 10:55:26"
"40288b9f3c8e8c79013c8e8cc02d0001","DAY",9,"2013-01-31 11:00:54",0,"40288b9f3c895b03013c895f9b140001","2013-02-03 10:55:26"
"40288b9f3c8e8f4d013c8e8f8e460001","DAY",9,"2013-01-31 11:03:58",0,"40288b9f3c895b03013c895f9b140001","2013-02-04 10:55:26"
"40288b9f3c8e966c013c8e96b64d0001","DAY",9,"2013-01-31 11:11:47",0,"40288b9f3c895b03013c895f9b140001","2013-02-05 10:55:26"
"40288b9f3c8e9ffe013c8ea015730001","DAY",9,"2013-01-31 11:22:01",0,"40288b9f3c895b03013c895f9b140001","2013-02-06 10:55:26"
"40288b9f3c8e9ffe013c8ed275c30002","DAY",1.99,"2013-01-31 12:17:02",1,"40288b9f3c895b03013c895f9b140001","2013-02-07 10:55:26"
"40288b9f3c8e9ffe013c8ed5cd700003","DAY",1.99,"2013-01-31 12:20:41",1,"40288b9f3c895b03013c895f9b140001","2013-02-07 10:55:26"
"40288b9f3c8e9ffe013c8eeb26dc0004","DAY",1.99,"2013-01-31 12:44:01",1,"40288b9f3c895b03013c895f9b140001","2013-02-07 10:55:26"
"40288b9f3c8e9ffe013c8eeb9e7d0005","DAY",1.99,"2013-01-31 12:44:31",1,"40288b9f3c895b03013c895f9b140001","2013-02-07 10:55:26"
"40288b9f3c8e9ffe013c8f2dbb980006","DAY",1.99,"2013-01-31 13:56:44",1,"40288b9f3c895b03013c895f9b140001","2013-02-07 10:55:26"
"40288b313c8fa598013c8fa85a8a0001","DAY",9,"2013-01-31 16:10:40",1,"40288b9f3c895b03013c895f9b140001","2013-02-07 10:55:26"
"40288b9f3c8e9ffe013c901d022c0007","YEAR",399,"2013-01-31 18:18:05",1,"40288b9f3c895b03013c895f9b140001","2014-02-06 10:55:26"
"40288b9f3c8e9ffe013ca36af283000a","YEAR",399,"2013-02-04 12:16:00",1,"40288b9f3c8e9ffe013ca36af27d0008","2014-02-04 12:16:00"
"40288b9f3c8e9ffe013ca5326e98000d","YEAR",69.99,"2013-02-04 20:33:31",1,"40288b9f3c8e9ffe013ca5326e93000b","2014-02-04 20:33:31"
"40288b9f3c8e9ffe013ca5337da1000e","YEAR",399,"2013-02-04 20:34:40",0,"40288b9f3c8e9ffe013ca5326e93000b","2014-02-04 20:34:40"
"40288b9f3c8e9ffe013ca85481f20011","YEAR",69.99,"2013-02-05 11:09:36",1,"40288b9f3c8e9ffe013ca85481ed000f","2014-02-05 11:09:36"
"40288b9f3c8e9ffe013ca855eb850012","YEAR",69.99,"2013-02-05 11:11:08",1,"40288b9f3c8e9ffe013ca85481ed000f","2014-02-05 11:11:08"
"40288b9f3c8e9ffe013ca85748640013","YEAR",399,"2013-02-05 11:12:37",1,"40288b9f3c8e9ffe013ca85481ed000f","2014-02-05 11:12:37"
"40288b9f3c8e9ffe013ca85894de0014","YEAR",399,"2013-02-05 11:14:03",1,"40288b9f3c8e9ffe013ca85481ed000f","2014-02-05 11:14:03"
"40288b9f3c8e9ffe013ca858e0b10015","YEAR",199.5,"2013-02-05 11:14:22",1,"40288b9f3c8e9ffe013ca85481ed000f","2014-02-05 11:14:22"
"40288b9f3c8e9ffe013ca8592f4a0016","YEAR",34.995,"2013-02-05 11:14:42",1,"40288b9f3c8e9ffe013ca85481ed000f","2014-02-05 11:14:42"
"40288b9f3c8e9ffe013ca85978a70017","YEAR",34.995,"2013-02-05 11:15:01",1,"40288b9f3c8e9ffe013ca85481ed000f","2014-02-05 11:15:01"
"40288b9f3c8e9ffe013ca85a5cb00018","YEAR",34.995,"2013-02-05 11:15:59",1,"40288b9f3c8e3d12013c8e3d712c0001","2014-02-05 11:15:59"
"40288b9f3ca85b18013ca85c101c0001","DAY",9,"2013-02-05 11:17:51",1,"40288b9f3c8e3d12013c8e3d712c0001","2013-02-06 11:17:51"
"40288b9f3ca85b18013ca85c94f20002","YEAR",199.5,"2013-02-05 11:18:25",1,"40288b9f3c8e3d12013c8e3d712c0001","2014-02-05 11:18:25"
"40288b9f3ca85b18013ca861cda70003","YEAR",199.5,"2013-02-05 11:24:07",1,"40288b9f3c8e3d12013c8e3d712c0001","2014-02-05 11:24:07"
"40288b9f3ca85b18013ca8e833300004","DAY",1.99,"2013-02-05 13:50:55",1,"40288b9f3c8e3d12013c8e3d712c0001","2013-02-06 13:50:55"
"40288b9f3ca9e847013ca9e8b3fe0001","YEAR",34.995,"2013-02-05 18:31:05",1,"40288b9f3c8e3d12013c8e3d712c0001","2014-02-05 18:31:05"
"40288b9f3ca9e847013ca9e927c10004","DAY",9,"2013-02-05 18:31:35",1,"40288b9f3ca9e847013ca9e927ba0002","2013-02-06 18:31:35"
"40288b9f3ca9e847013ca9e9c1cf0005","DAY",9,"2013-02-05 18:32:14",1,"40288b9f3ca9e847013ca9e927ba0002","2013-02-06 18:32:14"
"40288b9f3ca9e847013ca9e9de0d0006","MONTH",49,"2013-02-05 18:32:21",1,"40288b9f3ca9e847013ca9e927ba0002","2013-03-07 18:32:21"
"40288b9f3ca9e847013ca9e9f9360007","YEAR",199.5,"2013-02-05 18:32:28",1,"40288b9f3ca9e847013ca9e927ba0002","2014-02-05 18:32:28"
"40288b9f3ca9e847013ca9ead08e000a","YEAR",34.995,"2013-02-05 18:33:23",1,"40288b9f3ca9e847013ca9ead0890008","2014-02-05 18:33:23"
"40288b9f3ca9e847013ca9eb4233000b","YEAR",69.99,"2013-02-05 18:33:52",1,"40288b9f3ca9e847013ca9ead0890008","2014-02-05 18:33:52"
"40288b9f3ca9e847013ca9ebde5c000c","YEAR",34.995,"2013-02-05 18:34:32",1,"40288b9f3ca9e847013ca9ead0890008","2014-02-05 18:34:32"
"40288b9f3ca9e847013ca9ec6c25000d","YEAR",34.995,"2013-02-05 18:35:09",1,"40288b9f3ca9e847013ca9ead0890008","2014-02-05 18:35:09"
"40288b9f3ca9e847013ca9ec9123000e","YEAR",69.99,"2013-02-05 18:35:18",1,"40288b9f3ca9e847013ca9ead0890008","2014-02-05 18:35:18"
"40288b9f3ca9e847013cab5d25330011","YEAR",62.991,"2013-02-06 01:17:53",1,"40288b9f3ca9e847013cab5d252e000f","2014-02-06 01:17:53"
"40288b9f3ca9e847013cc1a3a4400014","YEAR",34.995,"2013-02-10 09:06:32",1,"40288b9f3ca9e847013cc1a3a43b0012","2014-02-10 09:06:32"
"40288b9f3ca9e847013cdc9e002b0017","YEAR",34.995,"2013-02-15 14:50:07",1,"40288b9f3ca9e847013cdc9e00260015","2014-02-15 14:50:07"
"40288b9f3ca9e847013ce0b714790018","YEAR",34.995,"2013-02-16 09:56:00",1,"40288b9f3ca9e847013cc1a3a43b0012","2014-02-16 09:56:00"
"40288b9f3ca9e847013ce78ad8870019","YEAR",62.991,"2013-02-17 17:45:01",1,"40288b9f3ca9e847013cab5d252e000f","2014-02-17 17:45:01"
"40288b9f3ca9e847013ceb60898a001a","YEAR",34.995,"2013-02-18 11:37:17",1,"40288b9f3ca9e847013cc1a3a43b0012","2014-02-18 11:37:17"
"40288b9f3ca9e847013ceb684eb5001b","YEAR",34.995,"2013-02-18 11:45:47",1,"40288b9f3c8e3d12013c8e3d712c0001","2014-02-18 11:45:47"
"40288b9f3ca9e847013ceb6a001e001c","YEAR",34.995,"2013-02-18 11:47:38",1,"40288b9f3c8e3d12013c8e3d712c0001","2014-02-18 11:47:38"
"40288b9f3ca9e847013ceb6a50b3001d","YEAR",199.5,"2013-02-18 11:47:58",1,"40288b9f3c8e3d12013c8e3d712c0001","2014-02-18 11:47:58"
"40288b9f3ca9e847013cec11e7e6001e","YEAR",34.995,"2013-02-18 14:51:01",1,"40288b9f3c8e3d12013c8e3d712c0001","2014-02-18 14:51:01"
"40288b9f3ca9e847013cec1543b7001f","YEAR",199.5,"2013-02-18 14:54:42",1,"40288b9f3c8e3d12013c8e3d712c0001","2014-02-18 14:54:42"
"40288b9f3ca9e847013cf184bed00020","YEAR",34.995,"2013-02-19 16:14:34",1,"40288b9f3c8e3d12013c8e3d712c0001","2014-02-19 16:14:34"
"40288b9f3ca9e847013cf77ae1650021","YEAR",34.995,"2013-02-20 20:01:30",1,"40288b9f3c8e3d12013c8e3d712c0001","2014-02-20 20:01:30"
"40288b9f3cfa9b42013cfa9c59500001","YEAR",34.995,"2013-02-21 10:36:55",1,"40288b9f3c8e3d12013c8e3d712c0001","2014-02-21 10:36:55"
"40288b9f3cfa9b42013cfaa4ecf00002","YEAR",34.995,"2013-02-21 10:46:18",1,"40288b9f3c8e3d12013c8e3d712c0001","2014-02-21 10:46:18"
"40288b9f3cfa9b42013cfaad3e3d0003","YEAR",69.99,"2013-02-21 10:55:23",1,"40288b9f3c8e3d12013c8e3d712c0001","2014-02-21 10:55:23"
"40288b9f3cfa9b42013d007011f70006","MONTH",49,"2013-02-22 13:46:17",1,"40288b9f3cfa9b42013d007011f20004","2013-03-24 13:46:17"
"40288b9f3cfa9b42013d00ac91080009","YEAR",399,"2013-02-22 14:52:22",1,"40288b9f3cfa9b42013d00ac91030007","2014-02-22 14:52:22"
"40288b9f3cfa9b42013d0c10b258000c","YEAR",34.995,"2013-02-24 19:57:33",1,"40288b9f3cfa9b42013d0c10b253000a","2014-02-24 19:57:33"
"40288b9f3cfa9b42013d0f0c7e8c000d","YEAR",69.99,"2013-02-25 09:51:49",1,"40288b9f3cfa9b42013d007011f20004","2014-02-25 09:51:49"
"40288b9f3cfa9b42013d0f521e5e0010","YEAR",62.991,"2013-02-25 11:07:52",1,"40288b9f3cfa9b42013d0f521e59000e","2014-02-25 11:07:52"
"40288b9f3cfa9b42013d0f5acba40011","YEAR",62.991,"2013-02-25 11:17:21",1,"40288b9f3cfa9b42013d0f521e59000e","2014-02-25 11:17:21"
"40288b9f3cfa9b42013d0fe4d5ac0012","YEAR",199.5,"2013-02-25 13:48:07",1,"40288b9f3c8e3d12013c8e3d712c0001","2014-02-25 13:48:07"
"40288b9f3cfa9b42013d0fe808760013","DAY",9,"2013-02-25 13:51:37",0,"40288b9f3c8e3d12013c8e3d712c0001","2013-02-26 13:51:37"
"40288b9f3d0fee98013d0ff12d8a0001","YEAR",6.999,"2013-02-25 14:01:36",1,"40288b9f3cfa9b42013d0f521e59000e","2014-02-25 14:01:36"
"40288b9f3d0fee98013d100039c40002","YEAR",69.99,"2013-02-25 14:18:03",1,"40288b9f3cfa9b42013d0f521e59000e","2014-02-25 14:18:03"
"40288b9f3d100131013d1005be1b0003","YEAR",34.995,"2013-02-25 14:24:04",1,"40288b9f3d100131013d1005bdac0001","2014-02-25 14:24:04"
"40288b9f3d100131013d100602f70004","YEAR",69.99,"2013-02-25 14:24:22",1,"40288b9f3d100131013d1005bdac0001","2014-02-25 14:24:22"
"40288b9f3d100131013d101e19620005","YEAR",6.999,"2013-02-25 14:50:40",1,"40288b9f3cfa9b42013d0f521e59000e","2014-02-25 14:50:40"
"40288b9f3d100131013d102c8c7a0006","YEAR",6.999,"2013-02-25 15:06:27",1,"40288b9f3cfa9b42013d0f521e59000e","2014-02-25 15:06:27"
"40288b9f3d100131013d102e062e0007","YEAR",34.995,"2013-02-25 15:08:04",1,"40288b9f3d100131013d1005bdac0001","2014-02-25 15:08:04"
"40288b9f3d100131013d102e28e50008","YEAR",6.999,"2013-02-25 15:08:13",1,"40288b9f3cfa9b42013d0f521e59000e","2014-02-25 15:08:13"
"40288b9f3d100131013d105733050009","MONTH",7.99,"2013-02-25 15:53:02",1,"40288b9f3cfa9b42013d0f521e59000e","2013-03-27 15:53:02"
"40288b9f3d10fd8f013d10fde7230001","YEAR",34.995,"2013-02-25 18:55:07",1,"40288b9f3d100131013d1005bdac0001","2014-02-25 18:55:07"
"40288b9f3d111e33013d111ee6be0003","YEAR",34.995,"2013-02-25 19:31:10",1,"40288b9f3d111e33013d111ee63e0001","2014-02-25 19:31:10"
"40288b9f3d111e33013d111f45f80004","YEAR",69.99,"2013-02-25 19:31:35",1,"40288b9f3d111e33013d111ee63e0001","2014-02-25 19:31:35"
"40288b9f3d112829013d112876980003","YEAR",34.995,"2013-02-25 19:41:37",1,"40288b9f3d112829013d1128761c0001","2014-02-25 19:41:37"
"40288bf73d114822013d114d22900003","YEAR",1.5,"2013-02-25 20:21:39",1,"40288bf73d114822013d114d1f630001","2014-02-25 20:21:39"
"40288bf73d114822013d114f65f50004","YEAR",-7,"2013-02-25 20:24:08",1,"40288bf73d114822013d114d1f630001","2014-02-25 20:24:08"
"40288bf73d1155b4013d11563fee0001","YEAR",1.5,"2013-02-25 20:31:37",1,"40288bf73d114822013d114d1f630001","2014-02-25 20:31:37"
"40288bf73d1155b4013d1156a0d70002","YEAR",1.5,"2013-02-25 20:32:02",1,"40288bf73d114822013d114d1f630001","2014-02-25 20:32:02"
"40288b9f3d112829013d11579f1a0006","YEAR",34.995,"2013-02-25 20:33:07",1,"40288b9f3d112829013d11579f140004","2014-02-25 20:33:07"
"40288b9f3d112829013d115820a30007","YEAR",34.995,"2013-02-25 20:33:41",1,"40288b9f3d112829013d11579f140004","2014-02-25 20:33:41"
"40288b9f3d115c79013d115ccdbb0003","YEAR",34.995,"2013-02-25 20:38:47",1,"40288b9f3d115c79013d115ccd4a0001","2014-02-25 20:38:47"
"40288b9f3d116178013d1161bfef0003","YEAR",34.995,"2013-02-25 20:44:11",1,"40288b9f3d116178013d1161bf820001","2014-02-25 20:44:11"
"40288b9f3d116491013d11655bf00003","YEAR",34.995,"2013-02-25 20:48:08",1,"40288b9f3d116491013d11655b800001","2014-02-25 20:48:08"
"40288b9f3d116491013d116c5ea50004","YEAR",34.995,"2013-02-25 20:55:47",1,"40288b9f3d116491013d11655b800001","2014-02-25 20:55:47"
"40288b9f3d116491013d1172a1120005","YEAR",34.995,"2013-02-25 21:02:37",1,"40288b9f3d116491013d11655b800001","2014-02-25 21:02:37"
"40288b9f3d116491013d117315b00006","YEAR",34.995,"2013-02-25 21:03:07",1,"40288b9f3d116491013d11655b800001","2014-02-25 21:03:07"
"40288b9f3d1174f4013d117590fe0003","YEAR",34.995,"2013-02-25 21:05:50",1,"40288b9f3d1174f4013d117590930001","2014-02-25 21:05:50"
"40288bf73d1176c7013d1178fd870001","YEAR",1.5,"2013-02-25 21:09:34",1,"40288bf73d114822013d114d1f630001","2014-02-25 21:09:34"
"40288b9f3d1174f4013d1180482a0004","YEAR",34.995,"2013-02-25 21:17:32",1,"40288b9f3d1174f4013d117590930001","2014-02-25 21:17:32"
"40288b9f3d1181d5013d118239fc0001","YEAR",34.995,"2013-02-25 21:19:39",1,"40288b9f3d1174f4013d117590930001","2014-02-25 21:19:39"
"40288b9f3d1188a2013d118a0fa30003","YEAR",34.995,"2013-02-25 21:28:13",1,"40288b9f3d1188a2013d118a0f2f0001","2014-02-25 21:28:13"
"40288b9f3d1188a2013d118d15000004","YEAR",34.995,"2013-02-25 21:31:31",1,"40288b9f3d1188a2013d118a0f2f0001","2014-02-25 21:31:31"
"40288b9f3d1188a2013d118dbe3b0005","YEAR",69.99,"2013-02-25 21:32:14",1,"40288b9f3d1188a2013d118a0f2f0001","2014-02-25 21:32:14"
"40288b9f3d1188a2013d118ecb8a0006","YEAR",34.995,"2013-02-25 21:33:23",1,"40288b9f3d1188a2013d118a0f2f0001","2014-02-25 21:33:23"
"40288b9f3d1188a2013d1191ba060007","YEAR",69.99,"2013-02-25 21:36:35",1,"40288b9f3d1188a2013d118a0f2f0001","2014-02-25 21:36:35"
"40288b9f3d11953f013d1195d8140001","YEAR",34.995,"2013-02-25 21:41:05",1,"40288b9f3d1188a2013d118a0f2f0001","2014-02-25 21:41:05"
"40288b9f3d1197d3013d1198ae1d0003","YEAR",69.99,"2013-02-25 21:44:11",1,"40288b9f3d1197d3013d1198ada40001","2014-02-25 21:44:11"
"40288b9f3d1197d3013d1198f4a20004","YEAR",34.995,"2013-02-25 21:44:29",1,"40288b9f3d1197d3013d1198ada40001","2014-02-25 21:44:29"
"40288b9f3d1197d3013d119bef670005","YEAR",68.99,"2013-02-25 21:47:44",1,"40288bf73d114822013d114d1f630001","2014-02-25 21:47:44"
"40288b9f3d1197d3013d119cc40e0006","YEAR",68.99,"2013-02-25 21:48:39",1,"40288bf73d114822013d114d1f630001","2014-02-25 21:48:39"
"40288b9f3d1197d3013d119d55960007","YEAR",34.995,"2013-02-25 21:49:16",1,"40288bf73d114822013d114d1f630001","2014-02-25 21:49:16"
"40288b9f3d119e21013d119e837d0001","YEAR",55.992,"2013-02-25 21:50:33",1,"40288b9f3d1197d3013d1198ada40001","2014-02-25 21:50:33"
"40288b9f3d119f11013d119f34290001","YEAR",69.99,"2013-02-25 21:51:19",1,"40288b9f3d1197d3013d1198ada40001","2014-02-25 21:51:19"
"40288b9f3d119fca013d119ff8a60001","YEAR",62.991,"2013-02-25 21:52:09",1,"40288b9f3d1197d3013d1198ada40001","2014-02-25 21:52:09"
"40288bf73d11a19c013d11a250450001","YEAR",3,"2013-02-25 21:54:42",1,"40288bf73d114822013d114d1f630001","2014-02-25 21:54:42"
"40288bf73d11a19c013d11a2817a0002","YEAR",3,"2013-02-25 21:54:55",1,"40288bf73d114822013d114d1f630001","2014-02-25 21:54:55"
"40288bf73d11aa0d013d11aa54b00001","YEAR",3,"2013-02-25 22:03:28",1,"40288bf73d114822013d114d1f630001","2014-02-25 22:03:28"
"40288bf73d11aa0d013d11aa9b420002","YEAR",1.5,"2013-02-25 22:03:46",1,"40288bf73d114822013d114d1f630001","2014-02-25 22:03:46"
"40288b9f3d11acae013d11ad1ae70003","YEAR",34.995,"2013-02-25 22:06:30",1,"40288b9f3d11acae013d11ad1a720001","2014-02-25 22:06:30"
"40288b9f3d11acae013d11ad86530004","YEAR",34.995,"2013-02-25 22:06:57",1,"40288b9f3d11acae013d11ad1a720001","2014-02-25 22:06:57"
"40288b313d11b2f3013d11b4c3b80003","YEAR",1.5,"2013-02-25 22:14:52",1,"40288b313d11b2f3013d11b4c33d0001","2014-02-25 22:14:52"
"40288b9f3d11acae013d11d2dbbe0007","YEAR",34.995,"2013-02-25 22:47:44",1,"40288b9f3d11acae013d11d2dbb70005","2014-02-25 22:47:44"
"40288b313d142913013d1429810c0001","YEAR",1.5,"2013-02-26 09:41:37",1,"40288b9f3d100131013d1005bdac0001","2014-02-26 09:41:37"
"40288b9f3d11acae013d1454c10a0008","YEAR",34.995,"2013-02-26 10:28:51",1,"40288b9f3c8e9ffe013ca85481ed000f","2014-02-26 10:28:51"
"40288b9f3d11acae013d145c4c820009","YEAR",34.995,"2013-02-26 10:37:06",1,"40288b9f3c8e9ffe013ca85481ed000f","2014-02-26 10:37:06"
"40288b9f3d11acae013d145ede52000a","YEAR",34.995,"2013-02-26 10:39:54",1,"40288b9f3c8e9ffe013ca85481ed000f","2014-02-26 10:39:54"
"40288b313d14654e013d1466f8650001","YEAR",3,"2013-02-26 10:48:45",1,"40288b9f3c895b03013c895f9b140001","2014-02-26 10:48:45"
"40288b9f3d11acae013d1473afa5000b","YEAR",34.995,"2013-02-26 11:02:38",1,"40288b9f3ca9e847013ca9e927ba0002","2014-02-26 11:02:38"
"40288b9f3d11acae013d1494fcb3000e","YEAR",34.995,"2013-02-26 11:39:01",1,"40288b9f3d11acae013d1494fcae000c","2014-02-26 11:39:01"
"40288b9f3d11acae013d1497902e000f","DAY",1.99,"2013-02-26 11:41:49",1,"40288b9f3d11acae013d1494fcae000c","2013-02-27 11:41:49"
"40288b9f3d11acae013d14991bf00010","YEAR",69.99,"2013-02-26 11:43:31",1,"40288b9f3d100131013d1005bdac0001","2014-02-26 11:43:31"
"40288b9f3d11acae013d14a16cd10011","DAY",1.99,"2013-02-26 11:52:36",1,"40288b9f3d11acae013d1494fcae000c","2013-02-27 11:52:36"
"40288b9f3d11acae013d14ecdc8e0012","DAY",1.99,"2013-02-26 13:15:00",1,"40288b9f3d11acae013d1494fcae000c","2013-02-27 13:15:00"
"40288b9f3d11acae013d14ed80220013","DAY",1.99,"2013-02-26 13:15:41",1,"40288b9f3d11acae013d1494fcae000c","2013-02-27 13:15:41"
"40288b9f3d11acae013d14f843f50014","YEAR",34.995,"2013-02-26 13:27:27",1,"40288b9f3d112829013d11579f140004","2014-02-26 13:27:27"
"40288b9f3d11acae013d14f893540015","YEAR",34.995,"2013-02-26 13:27:47",1,"40288b9f3d112829013d11579f140004","2014-02-26 13:27:47"
"40288b9f3d11acae013d14f8b9930016","YEAR",34.995,"2013-02-26 13:27:57",1,"40288b9f3d112829013d11579f140004","2014-02-26 13:27:57"
"40288b9f3d11acae013d150b17fe0017","DAY",1.99,"2013-02-26 13:48:01",1,"40288b9f3d11acae013d1494fcae000c","2013-02-27 13:48:01"
"40288b9f3d11acae013d1512ef6e0018","DAY",1.99,"2013-02-26 13:56:35",1,"40288b9f3d11acae013d1494fcae000c","2013-02-27 13:56:35"
"40288b9f3d11acae013d153fb95d001b","YEAR",34.995,"2013-02-26 14:45:30",1,"40288b9f3d11acae013d153fb9580019","2014-02-26 14:45:30"
"40288b9f3d11acae013d19c0f230001d","DAY",1.99,"2013-02-27 11:45:08",1,"40288b9f3d100131013d1005bdac0001","2013-02-28 11:45:08"
"40288b9f3d11acae013d19c36fe2001e","DAY",1.99,"2013-02-27 11:47:51",1,"40288b9f3c895b03013c895f9b140001","2013-02-28 11:47:51"
"40288b9f3d11acae013d19c390ee001f","MONTH",7.99,"2013-02-27 11:47:59",1,"40288b9f3c895b03013c895f9b140001","2013-03-29 11:47:59"
"40288b9f3d11acae013d19ca11ec0020","DAY",1.99,"2013-02-27 11:55:06",1,"40288b9f3c895b03013c895f9b140001","2013-02-28 11:55:06"
"40288b313d19d553013d19d5d1170001","DAY",1.99,"2013-02-27 12:07:55",1,"40288b9f3c895b03013c895f9b140001","2013-02-28 12:07:55"
"40288b313d19d553013d19d7650f0002","DAY",1.99,"2013-02-27 12:09:39",1,"40288b9f3c895b03013c895f9b140001","2013-02-28 12:09:39"
"40288b313d19d9f4013d19da1f020001","DAY",1.99,"2013-02-27 12:12:37",1,"40288b9f3c895b03013c895f9b140001","2013-02-28 12:12:37"
"40288b313d19dbda013d19dbf3800001","DAY",1.99,"2013-02-27 12:14:37",1,"40288b9f3c895b03013c895f9b140001","2013-02-28 12:14:37"
"40288b313d19dbda013d19dc91240002","YEAR",3,"2013-02-27 12:15:18",1,"40288b9f3c895b03013c895f9b140001","2014-02-27 12:15:18"
"40288b313d19dbda013d19dcb6380003","DAY",1.99,"2013-02-27 12:15:27",1,"40288b9f3c895b03013c895f9b140001","2013-02-28 12:15:27"
"40288b313d19df92013d19dff4700001","DAY",1.99,"2013-02-27 12:19:00",1,"40288b9f3c895b03013c895f9b140001","2013-02-28 12:19:00"
"40288b313d19e37a013d19e40ea00001","YEAR",3,"2013-02-27 12:23:29",1,"40288b9f3c895b03013c895f9b140001","2014-02-27 12:23:29"
"40288b9f3d11acae013d19f2d69b0021","YEAR",34.995,"2013-02-27 12:39:37",1,"40288b9f3c8e9ffe013ca85481ed000f","2014-02-27 12:39:37"
"40288b9f3d11acae013d19f39cc90022","YEAR",62.991,"2013-02-27 12:40:28",1,"40288b9f3cfa9b42013d0f521e59000e","2014-02-27 12:40:28"
"40288b313d1a1acb013d1a1b46e80001","DAY",1.99,"2013-02-27 13:23:48",1,"40288b9f3c895b03013c895f9b140001","2013-02-28 13:23:48"
"40288b313d1a1d84013d1a1d8c6a0001","DAY",1.99,"2013-02-27 13:26:16",1,"40288b9f3c895b03013c895f9b140001","2013-02-28 13:26:16"
"40288b313d1a1d84013d1a224b240002","DAY",1.99,"2013-02-27 13:31:27",1,"40288b9f3c895b03013c895f9b140001","2013-02-28 13:31:27"
"40288b313d1a258c013d1a25f24f0001","DAY",1.99,"2013-02-27 13:35:27",1,"40288b9f3c895b03013c895f9b140001","2013-02-28 13:35:27"
"40288b313d1a258c013d1a2638300002","DAY",1.99,"2013-02-27 13:35:45",1,"40288b9f3c895b03013c895f9b140001","2013-02-28 13:35:45"
"40288b313d1a258c013d1a2756a50003","DAY",1.99,"2013-02-27 13:36:58",1,"40288b9f3c895b03013c895f9b140001","2013-02-28 13:36:58"
"40288b313d1a258c013d1a27fcac0004","DAY",1.99,"2013-02-27 13:37:41",1,"40288b9f3c895b03013c895f9b140001","2013-02-28 13:37:41"
"40288b313d1a258c013d1a29107f0005","DAY",1.99,"2013-02-27 13:38:51",1,"40288b9f3c895b03013c895f9b140001","2013-02-28 13:38:51"
"40288b313d1a258c013d1a2928010006","DAY",1.99,"2013-02-27 13:38:57",1,"40288b9f3c895b03013c895f9b140001","2013-02-28 13:38:57"
"40288b9f3d11acae013d1a2d08730023","DAY",1.99,"2013-02-27 13:43:11",1,"40288b9f3d100131013d1005bdac0001","2013-02-28 13:43:11"
"40288b313d1a30f2013d1a3195070001","DAY",1.99,"2013-02-27 13:48:09",1,"40288b9f3c895b03013c895f9b140001","2013-02-28 13:48:09"
"40288b313d1a35ef013d1a36805c0001","DAY",1.99,"2013-02-27 13:53:32",1,"40288b9f3c895b03013c895f9b140001","2013-02-28 13:53:32"
"40288b313d1a35ef013d1a3694c70002","DAY",1.99,"2013-02-27 13:53:37",1,"40288b9f3c895b03013c895f9b140001","2013-02-28 13:53:37"
"40288b313d1a414b013d1a4187650001","DAY",1.99,"2013-02-27 14:05:34",1,"40288b9f3c895b03013c895f9b140001","2013-02-28 14:05:34"
"40288b313d1a4a8f013d1a4ad6290001","DAY",1.99,"2013-02-27 14:15:44",1,"40288b9f3c895b03013c895f9b140001","2013-02-28 14:15:44"
"40288b313d1a5219013d1a527fba0001","DAY",1.99,"2013-02-27 14:24:07",1,"40288b9f3c895b03013c895f9b140001","2013-02-28 14:24:07"
"40288b313d1a53d4013d1a543d470001","DAY",1.99,"2013-02-27 14:26:01",1,"40288b9f3c895b03013c895f9b140001","2013-02-28 14:26:01"
"40288b313d1a5564013d1a55b1720001","DAY",1.99,"2013-02-27 14:27:36",1,"40288b9f3c895b03013c895f9b140001","2013-02-28 14:27:36"
